Month,avg tip/(total amount - toll amount)
2021-12,0.11914713474812232
2022-1,0.11889500629062467
2022-2,0.1239249682168808
