Month,avg tip/(total amount - toll amount)
2021_12,0.119147038413534
2022_01,0.11889305589725983
2022_02,0.12392496821730328
