Month,avg tip/(total amount - toll amount)
2021_12,0.11913594439267985
2022_01,0.12164834919082133
2022_02,0.12383750717542163
