Month,avg tip/(total amount - toll amount)
2021-12,0.11914711139636933
2022-1,0.12163374275707761
2022-2,0.12383742509826717
