Month,avg tip/(total amount - toll amount)
2021-12,0.11914712094273154
2022-1,0.10719106045577186
2022-2,0.0881720430107527
