YYYY-MM,tip_percentage,trips_number
2021-12,0.15725626626050568,2361456
2022-1,0.15498757826785295,1874586
2022-2,0.15479240574463687,2295812
